{
  "n_generated": 200,
  "avg_length": 21.165,
  "std_length": 10.414786363627437,
  "valid_fraction": 1.0,
  "novel_fraction": 0.995,
  "aa_freq_generated": {
    "A": 0.08906213087644696,
    "C": 0.020080321285140562,
    "D": 0.03874320812662414,
    "E": 0.04441294590125207,
    "F": 0.05102763997165131,
    "G": 0.07347035199622018,
    "H": 0.01535553980628396,
    "I": 0.07276163477439168,
    "K": 0.12520670918969998,
    "L": 0.1332388377037562,
    "M": 0.01795416961965509,
    "N": 0.03023860146468226,
    "P": 0.039451925348452634,
    "Q": 0.01606425702811245,
    "R": 0.03354594849988188,
    "S": 0.05527994330262225,
    "T": 0.03283723127805339,
    "V": 0.0673281360737066,
    "W": 0.023387668320340185,
    "Y": 0.020552799433026223
  },
  "aa_freq_real": {
    "A": 0.08516945403061676,
    "C": 0.028714273073179364,
    "D": 0.03481992744004955,
    "E": 0.041146801168038226,
    "F": 0.04729669940713211,
    "G": 0.07561277763029821,
    "H": 0.01809574373949208,
    "I": 0.061631714007609945,
    "K": 0.11507831165383595,
    "L": 0.1260950358375365,
    "M": 0.014910184939385895,
    "N": 0.028891248562074152,
    "P": 0.03800548624015574,
    "Q": 0.02535173878417839,
    "R": 0.0534023537740023,
    "S": 0.055526059640739756,
    "T": 0.041058313423590835,
    "V": 0.06264932306875498,
    "W": 0.023537740023006813,
    "Y": 0.02300681355632245
  }
}